,modele,MAPE,MAE,RMSE
Régression Linéaire,Régression Linéaire,2.554841475125527,797.4673080721454,1015.0953323164748
Naïf Saisonnier,Naïf Saisonnier (lag_24),6.776781952966418,2124.6026561787507,2916.8809935942113
Moyenne Mobile,Moyenne Mobile 24h,11.70716649136006,3542.8896536327707,4438.366852100316
